Sr.no,Captions,Rating
1,"If you don’t own a dog, at least one, there is not necessarily anything wrong with you, but there may be something wrong with your life. – Roger Caras",6
2,Everything I know I learned from dogs. – Nora Roberts,7
3,"Dogs do speak, but only to those who know how to listen. – Orhan Pamuk",5
4,I used to love dogs until I discovered cats.,7
5,"After a time, even the dog begins to compromise with the cat.",5
6,Pets have more love and compassion in them than most humans.,5
7,I don’t understand people who don’t touch their pets. Their cat or dog is called a pet for a reason.,3
8,"Children, old crones, peasants and dogs ramble; cats and philosophers stick to their point.",1
9,Cats will outsmart dogs every time.,2
10,Cats are smarter than dogs. You can’t get eight cats to pull a sled through snow.,2
11,Dogs will give you unconditional love until the day they die. Cats will make you pay for every mistake you’ve ever made since the day you were born.,4
12,I am fond of pigs. Dogs look up to us. Cats look down on us. Pigs treat us as equals.,1
13,Dogs are like kids. Cats are like roommates.,6
14,Dogs kind of default to making friends unless provoked. Cats seem to default to making enemies unless convinced otherwise.,8
15,Pets are humanizing. They remind us we have an obligation and responsibility to preserve and nurture and care for all life.,4
16,"When you want to play, dogs want to play too. When you want to play, cats want to be alone.",9
17,Artists like cats; soldiers like dogs.,10
18,"Cats are moody. Dogs can hear a package of food opening half a block away, but don’t hear you when you’re in the same room.",9
19,"Cats rule, and dogs drool.",5
20,“Meow” means “woof” in cat. – George Carlin,4
21,Dogs eat. Cats dine. – Ann Taylor,10
22,You gotta be kitten me right meow.,8
23,I just cat stop myself from being so darn cute.,8
24,"Women and cats will do as they please, and men and dogs should relax and get used to the idea. – Robert Heinlein",4
25,"Dogs are not like cats, who amusingly tolerate humans only until someone comes up with a tin opener that can be operated with a paw. – Terry Pratchett",4
26,Ain’t no meeting high enough to keep me from you.,9
27,"Cat’s out of the bag, I got an Instagram.",9
28,"If a dog jumps in your lap, it is because he is fond of you. If a cat does the same thing, it is because your lap is warmer. – Alfred North Whitehead",2
29,Walking is a human habit into which dogs readily fall but it is a distasteful form of exercise to a cat unless he has a purpose in view. – Carl Van Vechten,3
30,"Oh, that’s right. Missy opens doors. – Perry Elisabeth Kirkpatrick, The 12 Cats of Christmas",3
31,"I’m not crying, all right? I just have problems with corneal discharge. – Thomas Corfield",5
32,Dogs are high on life. Cats need catnip. – Mary Bly,9
33,"Dogs serve people, but people serve cats. – Temple Grandin",9
34,Dogs want only love but cats demand worship. – Lucy Maud Montgomery,6
35,"The dog may be wonderful prose, but only the cat is poetry. – French proverb",2
36,"Dogs are like kids. Cats are like roommates. – Oliver Gaspirtz, A Treasury of Pet Humor",9
37,"The cool, lithe, cynical, and unconquered lord of the housetops. – H.P. Lovecraft, Cats and Dogs",6
38,I love both the way a dog looks up to me and a cat condescends to me. – Gladys Taber,2
39,Dogs will come when called. Cats will take a message and get back to you. – Missy Dizick,2
40,I believe in Las Vegas. I think its best days are ahead of it. But I’m afraid to do anything in the current political environment in the United States. – Steve Wynn,8
41,It often happens that a man develops a deeper love and friendship with his pet cat or dog than he does with most of the other humans in his life.,10
42,I believe in Las Vegas. I think its best days are ahead of it. But I’m afraid to do anything in the current political environment in the United States. – Steve Wynn,8
43,"The seasons had always been a part of the way I cooked and ate in Switzerland, and they again became what guided me in New York. – Daniel Humm",3
44,"It was so cold today that I saw a dog chasing a cat, and the dog was walking.",7
45,Cats do what they want. Dog’s spend all day sprawled on the most comfortable piece of furniture in the house.,7
46,Cats expect you to cater to their every whim. Dogs can look dumb and lovable all at the same time.,3
47,"Cats aren’t cooperative in the same way that other animals are. You can train a dog to act, but you can’t train a cat in the same way.",4
48,Cats leave hair everywhere. Dogs leave their toys everywhere.,9
49,Cats are totally unpredictable. Dogs growl when they are not happy.,3
50,Cats rarely listen to you. Dogs come and greet you as soon as they meet you,2
51,"Cat: a pygmy lion who loves mice, hates dogs, and patronizes human beings.",10
52,"What I used to do between writing fits was feed my kids, ride my horse and go shopping for cat and dog food.",10
53,Dogs come when they’re called; cats take a message and get back to you later.,4
54,No one appreciates the very special genius of your conversation as the dog does.,5
55,A dog’s idea of personal grooming is to roll on a dead fish.,8
56,The average dog is a nicer person than the average person.,3
